Span,Beta2,W2,eta N1
0,42.75,29.417,0.91172
15.08196721,34.639,26.255,0.91423
29.18032787,25.786,23.99,0.91614
42.29508197,16.469,22.526,0.91762
54.91803279,7.098,21.768,0.91878
66.8852459,-1.897,21.613,0.91969
78.36065574,-10.176,21.947,0.92045
89.3442623,-17.552,22.656,0.92103
100,-23.982,23.642,0.92152
